{"cameraMode":{"drawMode":0,"name":"Shaded","section":"Shading Mode"},"sceneLighting":true,"audioPlay":false,"sceneViewState":{"showFog":true,"showMaterialUpdate":false,"showSkybox":true,"showFlares":true,"showImageEffects":true,"showParticleSystems":true},"in2DMode":false,"pivot":{"x":0.30790233612060549,"y":-0.5021042823791504,"z":0.043580055236816409},"rotation":{"x":-0.11768745630979538,"y":0.8493707776069641,"z":-0.21354427933692933,"w":-0.4681014120578766},"size":9.059717178344727,"orthographic":false}